label_en,geo_code,geo_vintage
TOTAL,EL,NUTS2024
ANATOLIKI MAKEDONIA THRAKI,EL51,NUTS2024
EASTERN MAKEDONIA AND THRAKI,EL51,NUTS2024
KENTRIKI MAKEDONIA,EL52,NUTS2024
CENTRAL MAKEDONIA,EL52,NUTS2024
DYTIKI MAKEDONIA,EL53,NUTS2024
WESTERN MAKEDONIA,EL53,NUTS2024
IPEIROS,EL54,NUTS2024
IPIROS,EL54,NUTS2024
THESSALIA,EL61,NUTS2024
IONIA NISIA,EL62,NUTS2024
IONIAN ISLANDS,EL62,NUTS2024
DYTIKI ELLADA,EL63,NUTS2024
WESTERN GREECE,EL63,NUTS2024
STEREA ELLADA,EL64,NUTS2024
CENTRAL GREECE,EL64,NUTS2024
PELOPONNISOS,EL65,NUTS2024
PELOPONNISSOS,EL65,NUTS2024
ATTIKI,EL30,NUTS2024
VOREIO AIGAIO,EL41,NUTS2024
NORTHERN AEGEAN ISLANDS,EL41,NUTS2024
NOTIO AIGAIO,EL42,NUTS2024
SOUTH AEGEAN ISLANDS,EL42,NUTS2024
KRITI,EL43,NUTS2024
