label_el,geo_code
ΣΥΝΟΛΟ ΧΩΡΑΣ,EL
Εξωτερικό,
Ανατολική Μακεδονία και Θράκη,EL51
Έβρος,EL511
Ξάνθη,EL512
Ροδόπη,EL513
Δράμα,EL514
Καβάλα & Θάσος,EL515
Κεντρική Μακεδονία,EL52
Ημαθία,EL521
Θεσσαλονίκη,EL522
Κιλκίς,EL523
Πέλλα,EL524
Πιερία,EL525
Σέρρες,EL526
Χαλκιδική,EL527
Δυτική Μακεδονία,EL53
Γρεβενά,EL531
Κοζάνη,EL531
Καστοριά,EL532
Φλώρινα,EL533
Ήπειρος,EL54
Άρτα,EL541
Πρέβεζα,EL541
Θεσπρωτία,EL542
Ιωάννινα,EL543
Θεσσαλία,EL61
Καρδίτσα,EL611
Τρίκαλα,EL611
Λάρισα,EL612
Μαγνησία & Σποράδες,EL613
Ιόνιοι Νήσοι,EL62
Ζάκυνθος,EL621
Κέρκυρα,EL622
Κεφαλληνία & Ιθάκη,EL623
Λευκάδα,EL624
Δυτική Ελλάδα,EL63
Αιτωλοακαρνανία,EL631
Αχαΐα,EL632
Ηλεία,EL633
Στερεά Ελλάδα,EL64
Βοιωτία,EL641
Εύβοια,EL642
Ευρυτανία,EL643
Φθιώτιδα,EL644
Φωκίδα,EL645
Πελοπόννησος,EL65
Αργολίδα,EL651
Αρκαδία,EL651
Κορινθία,EL652
Λακωνία,EL653
Μεσσηνία,EL653
Αττική,EL30
Βόρειο Αιγαίο,EL41
Λέσβος & Λήμνος,EL411
Σάμος & Ικαρία,EL412
Χίος,EL413
Νότιο Αιγαίο,EL42
Δωδεκάνησος,EL421
Κυκλάδες,EL422
Κρήτη,EL43
Ηράκλειο,EL431
Λασίθι,EL432
Ρέθυμνο,EL433
Χανιά,EL434
