geo_code,name_latn
EL,Elláda
EL3,Attiki
EL30,Attiki
EL301,Voreios Tomeas Athinon
EL302,Dytikos Tomeas Athinon
EL303,Kentrikos Tomeas Athinon
EL304,Notios Tomeas Athinon
EL305,Anatoliki Attiki
EL306,Dytiki Attiki
EL307,"Peiraias, Nisoi"
EL4,"Nisia Aigaiou, Kriti"
EL41,Voreio Aigaio
EL411,"Lesvos, Limnos"
EL412,"Ikaria, Samos"
EL413,Chios
EL42,Notio Aigaio
EL421,"Kalymnos, Karpathos, Kasos, Kos, Rodos"
EL422,"Andros, Thira, Kea - Kythnos, Milos, Mykonos, Naxos, Paros,  Syros, Tinos"
EL43,Kriti
EL431,Irakleio
EL432,Lasithi
EL433,Rethymni
EL434,Chania
EL5,Voreia Elláda
EL51,"Anatoliki Makedonia, Thraki"
EL511,Evros
EL512,Xanthi
EL513,Rodopi
EL514,Drama
EL515,"Thasos, Kavala"
EL52,Kentriki Makedonia
EL521,Imathia
EL522,Thessaloniki
EL523,Kilkis
EL524,Pella
EL525,Pieria
EL526,Serres
EL527,Chalkidiki
EL53,Dytiki Makedonia
EL531,"Grevena, Kozani"
EL532,Kastoria
EL533,Florina
EL54,Ipeiros
EL541,"Arta, Preveza"
EL542,Thesprotia
EL543,Ioannina
EL6,Kentriki Elláda
EL61,Thessalia
EL611,"Karditsa, Trikala"
EL612,Larisa
EL613,"Magnisia, Sporades"
EL62,Ionia Nisia
EL621,Zakynthos
EL622,Kerkyra
EL623,"Ithaki, Kefallinia"
EL624,Lefkada
EL63,Dytiki Elláda
EL631,Aitoloakarnania
EL632,Achaia
EL633,Ileia
EL64,Sterea Elláda
EL641,Voiotia
EL642,Evvoia
EL643,Evrytania
EL644,Fthiotida
EL645,Fokida
EL65,Peloponnisos
EL651,"Argolida, Arkadia"
EL652,Korinthia
EL653,"Lakonia, Messinia"
