group,version,geo_code
eu27,1,BE
eu27,1,BG
eu27,1,CZ
eu27,1,DK
eu27,1,DE
eu27,1,EE
eu27,1,IE
eu27,1,EL
eu27,1,ES
eu27,1,FR
eu27,1,HR
eu27,1,IT
eu27,1,CY
eu27,1,LV
eu27,1,LT
eu27,1,LU
eu27,1,HU
eu27,1,MT
eu27,1,NL
eu27,1,AT
eu27,1,PL
eu27,1,PT
eu27,1,RO
eu27,1,SI
eu27,1,SK
eu27,1,FI
eu27,1,SE
southern_europe,1,IT
southern_europe,1,ES
southern_europe,1,PT
southern_europe,1,CY
southern_europe,1,MT
south_east_europe,1,BG
south_east_europe,1,HR
south_east_europe,1,RO
south_east_europe,1,SI
south_east_europe,1,AL
south_east_europe,1,ME
south_east_europe,1,MK
south_east_europe,1,RS
very_low_fertility,1,EE
very_low_fertility,1,EL
very_low_fertility,1,ES
very_low_fertility,1,IT
very_low_fertility,1,LV
very_low_fertility,1,LT
very_low_fertility,1,LU
very_low_fertility,1,MT
very_low_fertility,1,PL
very_low_fertility,1,FI
